{"cameraMode":{"drawMode":0,"name":"Shaded","section":"Shading Mode"},"sceneLighting":true,"audioPlay":false,"sceneViewState":{"m_AlwaysRefresh":false,"showFog":true,"showSkybox":true,"showFlares":true,"showImageEffects":true,"showParticleSystems":true,"showVisualEffectGraphs":true,"m_FxEnabled":true},"in2DMode":false,"pivot":{"x":5.042313575744629,"y":1.734779953956604,"z":-14.520142555236817},"rotation":{"x":0.039803922176361087,"y":0.9599844813346863,"z":-0.20612125098705293,"w":0.1854192316532135},"size":6.607396125793457,"orthographic":false}